n,function error,gradient error
2,0.03608439182435161,0.2041241452319315
4,0.008242500184651272,0.07779573899345499
8,0.0015906731415815446,0.03558366507248471
16,0.00034528069349915264,0.016303944831872114
32,8.166999259286822e-05,0.007806450997176313
64,1.9929116899051134e-05,0.003859449990991132
128,4.90693971374586e-06,0.0019187120164667695
256,1.21581684316745e-06,0.0009538529259929006
