n,function error,gradient error
4,55308274273194.06,517319077214982.0
8,5983733083022.434,130381443909913.3
16,1.5106681372674513e+28,5.549636402367406e+29
